0.43625880845611786,0.5143884892086331,0.23397435897435898,0.15315315315315314,0.07482993197278912,0.08303249097472924,0.03859649122807018,0.031914893617021274,0.033210332103321034,0.025396825396825397,0.013986013986013986,0.04065040650406504,0.025830258302583026,0.007633587786259542,0.00423728813559322,0.019230769230769232,0.0035087719298245615,0.01020408163265306,0.0,0.007326007326007326,0.0076045627376425855,0.007692307692307693,0.0034482758620689655,0.003787878787878788,0.0,0.010869565217391304,0.0,0.0035335689045936395,0.0035971223021582736,0.0,0.0,0.0034965034965034965,0.0036101083032490976,0.0,0.0035842293906810036,0.003703703703703704,0.0034965034965034965,0.0,0.0,0.0040650406504065045,0.007352941176470588,0.0,0.0,0.0034965034965034965,0.004201680672268907,0.003861003861003861,0.0,0.0037735849056603774,0.0,0.0
0.0,0.0,0.0,0.0,0.0,0.0,0.0,0.0,0.0,0.0,0.0,0.0,0.0,0.0,0.0,0.0,0.0,0.0,0.0,0.0,0.0,0.0,0.0,0.0,0.0,0.0,0.0,0.0,0.0,0.0,0.0,0.0,0.0,0.0,0.0,0.0,0.0,0.0,0.0,0.0,0.0,0.0,0.0,0.0,0.0,0.0,0.0,0.0,0.0,0.0
0.0,0.0,0.0,0.0,0.0,0.0,0.0,0.0,0.0,0.0,0.0,0.0,0.0,0.0,0.0,0.0,0.0,0.0,0.0,0.0,0.0,0.0,0.0,0.0,0.0,0.0,0.0,0.0,0.0,0.0,0.0,0.0,0.0,0.0,0.0,0.0,0.0,0.0,0.0,0.0,0.0,0.0,0.0,0.0,0.0,0.0,0.0,0.0,0.0,0.0
0.0,0.0,0.0,0.0,0.0,0.0,0.0,0.0,0.0,0.0,0.0,0.0,0.0,0.0,0.0,0.0,0.0,0.0,0.0,0.0,0.0,0.0,0.0,0.0,0.0,0.0,0.0,0.0,0.0,0.0,0.0,0.0,0.0,0.0,0.0,0.0,0.0,0.0,0.0,0.0,0.0,0.0,0.0,0.0,0.0,0.0,0.0,0.0,0.0,0.0
0.24145299145299146,0.26666666666666666,0.3068862275449102,0.272419627749577,0.24825174825174826,0.26424870466321243,0.1780821917808219,0.1006036217303823,0.05702647657841141,0.02771855010660981,0.0196078431372549,0.006342494714587738,0.02188183807439825,0.015053763440860216,0.017204301075268817,0.009501187648456057,0.006237006237006237,0.005,0.014184397163120567,0.00411522633744856,0.00684931506849315,0.004310344827586207,0.0024154589371980675,0.002150537634408602,0.0,0.0020964360587002098,0.0044742729306487695,0.0,0.004524886877828055,0.0,0.0021929824561403508,0.002178649237472767,0.0,0.0,0.004434589800443459,0.0021008403361344537,0.0024937655860349127,0.004434589800443459,0.0,0.0,0.0,0.002127659574468085,0.0020964360587002098,0.0022727272727272726,0.0,0.0023584905660377358,0.0,0.0,0.004166666666666667,0.002136752136752137
0.30303030303030304,0.24390243902439024,0.18309859154929578,0.13636363636363635,0.2222222222222222,0.14285714285714285,0.1891891891891892,0.17105263157894737,0.1076923076923077,0.05714285714285714,0.0392156862745098,0.030303030303030304,0.01694915254237288,0.017241379310344827,0.0,0.016666666666666666,0.04,0.0,0.0,0.0,0.0,0.0,0.013513513513513514,0.0,0.0,0.0,0.0,0.0,0.0,0.0,0.0,0.015873015873015872,0.0,0.0,0.0,0.0,0.0,0.0,0.0,0.0,0.0,0.0,0.0,0.0,0.0,0.0,0.0,0.0,0.0,0.0
0.0,0.0,0.0,0.0,0.0,0.0,0.0,0.0,0.0,0.0,0.0,0.0,0.0,0.0,0.0,0.0,0.0,0.0,0.0,0.0,0.0,0.0,0.0,0.0,0.0,0.0,0.0,0.0,0.0,0.0,0.0,0.0,0.0,0.0,0.0,0.0,0.0,0.0,0.0,0.0,0.0,0.0,0.0,0.0,0.0,0.0,0.0,0.0,0.0,0.0
0.0,0.0,0.0,0.0,0.0,0.0,0.0,0.0,0.0,0.0,0.0,0.0,0.0,0.0,0.0,0.0,0.0,0.0,0.0,0.0,0.0,0.0,0.0,0.0,0.0,0.0,0.0,0.0,0.0,0.0,0.0,0.0,0.0,0.0,0.0,0.0,0.0,0.0,0.0,0.0,0.0,0.0,0.0,0.0,0.0,0.0,0.0,0.0,0.0,0.0
0.10638297872340426,0.09053497942386832,0.144,0.07834101382488479,0.11297071129707113,0.13389121338912133,0.05687203791469194,0.11406844106463879,0.0860655737704918,0.14344262295081966,0.10687022900763359,0.07476635514018691,0.03389830508474576,0.03669724770642202,0.035555555555555556,0.018018018018018018,0.018867924528301886,0.004016064257028112,0.015306122448979591,0.0,0.0,0.00425531914893617,0.0,0.0,0.004672897196261682,0.0111731843575419,0.0,0.0,0.004032258064516129,0.0,0.0,0.0,0.0,0.0051813471502590676,0.0,0.0,0.0,0.0,0.004672897196261682,0.0,0.005154639175257732,0.0,0.0,0.008771929824561403,0.0,0.0,0.0,0.0,0.0,0.0
0.06844106463878327,0.04583333333333333,0.06365503080082136,0.06019766397124888,0.06514994829369183,0.0745697896749522,0.0743879472693032,0.07169117647058823,0.09001956947162426,0.09149130832570906,0.07473309608540925,0.09667673716012085,0.07650765076507651,0.055232558139534885,0.030303030303030304,0.011482254697286013,0.00975609756097561,0.015037593984962405,0.0032502708559046588,0.004775549188156638,0.0038910505836575876,0.005324813631522897,0.005241090146750524,0.005302226935312832,0.002898550724637681,0.004016064257028112,0.0020100502512562816,0.006128702757916241,0.004004004004004004,0.002967359050445104,0.0,0.0,0.0030991735537190084,0.0,0.0,0.0020768431983385254,0.002197802197802198,0.0020512820512820513,0.0010204081632653062,0.0,0.0010427528675703858,0.0010256410256410256,0.001095290251916758,0.0010141987829614604,0.001968503937007874,0.0,0.0,0.0010626992561105207,0.0009132420091324201,0.002028397565922921
0.058663028649386086,0.046883324453915826,0.05857519788918206,0.06136606189967983,0.05392156862745098,0.0549163179916318,0.04904051172707889,0.05042918454935622,0.06340956340956341,0.06482412060301508,0.06842372022301065,0.07221350078492936,0.07476635514018691,0.06850715746421268,0.05717151454363089,0.03687150837988827,0.02066115702479339,0.007403189066059226,0.00979858464888405,0.004672897196261682,0.0038043478260869567,0.00387382401770891,0.0017667844522968198,0.003975014196479273,0.003959276018099547,0.003970504821327283,0.0039040713887339654,0.0022371364653243847,0.0022087244616234127,0.004542873367404884,0.002346041055718475,0.0005586592178770949,0.002799552071668533,0.0016295491580662683,0.0011344299489506524,0.002271436683702442,0.0011487650775416428,0.0005473453749315818,0.0005458515283842794,0.0,0.0011173184357541898,0.001098901098901099,0.002213613724405091,0.0,0.0,0.0022497187851518562,0.0005473453749315818,0.0,0.0,0.0010770059235325794
0.05349048050770626,0.05235602094240838,0.03648548026805659,0.042536736272235115,0.04005722460658083,0.04288777698355969,0.040875912408759124,0.046722454672245464,0.05024424284717376,0.05323450134770889,0.06002728512960437,0.048656499636891795,0.06064782908339077,0.06556195965417867,0.06283422459893048,0.06456241032998565,0.029957203994293864,0.013097072419106317,0.007836990595611285,0.008450704225352112,0.003843197540353574,0.004601226993865031,0.0029784065524944155,0.004016064257028112,0.0038729666924864447,0.004669260700389105,0.004379562043795621,0.0035842293906810036,0.003652300949598247,0.003127443315089914,0.0023023791250959325,0.002969561989606533,0.002172338884866039,0.0014738393515106854,0.0007716049382716049,0.0015408320493066256,0.0,0.0,0.0014398848092152627,0.0,0.0015094339622641509,0.0007698229407236335,0.0,0.0007220216606498195,0.0014760147601476014,0.0007874015748031496,0.0,0.0,0.0006844626967830253,0.0
0.04294478527607362,0.03426791277258567,0.046199701937406856,0.04341317365269461,0.056,0.0334855403348554,0.03773584905660377,0.01971830985915493,0.04794520547945205,0.05830903790087463,0.04525547445255475,0.027820710973724884,0.047058823529411764,0.05052005943536404,0.045871559633027525,0.04969879518072289,0.051829268292682924,0.04952076677316294,0.029605263157894735,0.0047169811320754715,0.006482982171799027,0.003246753246753247,0.004672897196261682,0.001644736842105263,0.004724409448818898,0.0015772870662460567,0.0015923566878980893,0.0015360983102918587,0.0015105740181268882,0.001564945226917058,0.0033277870216306157,0.0015772870662460567,0.004893964110929853,0.003105590062111801,0.0,0.0032520325203252032,0.001594896331738437,0.0,0.0,0.003372681281618887,0.0,0.001610305958132045,0.001597444089456869,0.0,0.0,0.0,0.0,0.0,0.0015290519877675841,0.0
0.03557910673732021,0.030978934324659233,0.015337423312883436,0.030570252792475015,0.03004043905257077,0.03241013553329405,0.028405797101449276,0.03158522050059595,0.030712530712530713,0.031718569780853516,0.0234093637454982,0.03402187120291616,0.04,0.03275759380583681,0.04640095181439619,0.032391048292108364,0.04908338261383797,0.03608247422680412,0.04018912529550828,0.02509760178471835,0.013317191283292978,0.005636978579481398,0.004229607250755287,0.005635566687539136,0.004060324825986079,0.0035335689045936395,0.004830917874396135,0.0024615384615384616,0.0029568302779420462,0.0017431725740848344,0.0011883541295306002,0.0005763688760806917,0.003006614552014432,0.0,0.0011911852293031567,0.0024110910186859553,0.0,0.0006024096385542169,0.0011396011396011395,0.001889168765743073,0.0018072289156626507,0.0006349206349206349,0.0006265664160401002,0.0005847953216374269,0.0006042296072507553,0.0,0.0011785503830288745,0.00117096018735363,0.0011968880909634949,0.0005998800239952009
0.023842917251051893,0.024282560706401765,0.019853709508881923,0.035343035343035345,0.01434878587196468,0.02085747392815759,0.02394526795895097,0.017486338797814208,0.03078556263269639,0.013100436681222707,0.026737967914438502,0.016357688113413305,0.032753326509723645,0.03078556263269639,0.034161490683229816,0.03571428571428571,0.035860655737704916,0.04375667022411953,0.028216704288939052,0.03212435233160622,0.015435501653803748,0.013468013468013467,0.013777267508610792,0.008968609865470852,0.0010604453870625664,0.003432494279176201,0.0,0.002178649237472767,0.0030864197530864196,0.0042780748663101605,0.0011587485515643105,0.001072961373390558,0.0,0.0,0.0,0.0010845986984815619,0.002352941176470588,0.0,0.00102880658436214,0.002183406113537118,0.0010604453870625664,0.0011737089201877935,0.0,0.0,0.0,0.0010940919037199124,0.0023014959723820483,0.0,0.0,0.0010672358591248667
0.006944444444444444,0.012048192771084338,0.012121212121212121,0.0058823529411764705,0.027932960893854747,0.011904761904761904,0.011494252873563218,0.026143790849673203,0.03954802259887006,0.023255813953488372,0.0136986301369863,0.017341040462427744,0.0,0.0,0.023121387283236993,0.020134228187919462,0.029585798816568046,0.022727272727272728,0.02197802197802198,0.03296703296703297,0.0273224043715847,0.01282051282051282,0.006329113924050633,0.006060606060606061,0.011111111111111112,0.0,0.0,0.012195121951219513,0.005681818181818182,0.0,0.007246376811594203,0.0,0.006060606060606061,0.0,0.006944444444444444,0.0,0.0,0.0,0.0,0.0,0.0,0.0,0.0,0.0,0.005319148936170213,0.0,0.0,0.0,0.0,0.0
0.02218430034129693,0.01654533421575116,0.015978695073235686,0.017287234042553192,0.013968253968253968,0.01126573889993373,0.015727391874180863,0.0079155672823219,0.013775829680651221,0.016624040920716114,0.017099430018999367,0.018754186202277295,0.015737704918032787,0.0190664036817883,0.014944769330734242,0.023026315789473683,0.02303860523038605,0.01765860039241334,0.02080624187256177,0.018303843807199512,0.023824855119124275,0.018867924528301886,0.022442244224422443,0.016049382716049384,0.007863695937090432,0.005972130059721301,0.003229974160206718,0.000663129973474801,0.0031867431485022306,0.0012853470437017994,0.0027008777852802163,0.0012894906511927789,0.002564102564102564,0.0006146281499692685,0.0,0.0020632737276478678,0.0,0.0006752194463200541,0.0006385696040868455,0.0032743942370661427,0.0013333333333333333,0.0006277463904582549,0.0,0.0007117437722419929,0.002079002079002079,0.0013306719893546241,0.0006622516556291391,0.0006578947368421052,0.0,0.0
0.0073428178063331805,0.009759498082955734,0.00809289232934553,0.01153715643026807,0.013342456380431064,0.01569746699964324,0.015272474835126693,0.01353823637028906,0.012556679455877224,0.012743125419181758,0.010680907877169559,0.011446409989594173,0.02061122956645345,0.020205479452054795,0.012162162162162163,0.012574222843171499,0.013888888888888888,0.014961725817675714,0.015957446808510637,0.025624802277760202,0.016603251470079558,0.01818817768450507,0.02193137601697913,0.01793103448275862,0.02116224386966745,0.014207650273224045,0.006237006237006237,0.0031120331950207467,0.0033818058843422386,0.002054794520547945,0.0021269053527118043,0.0010327022375215145,0.0006849315068493151,0.0010221465076660989,0.0017193947730398899,0.0020181634712411706,0.0006971070059254096,0.0010865628395508873,0.0013391362571141614,0.0007336757153338225,0.0010706638115631692,0.0007002801120448179,0.0,0.0006651147322913202,0.0014321518080916578,0.0007168458781362007,0.0013845621322256837,0.0010744985673352436,0.0012674271229404308,0.000351493848857645
0.0043076923076923075,0.0061118946873530795,0.008547008547008548,0.010309278350515464,0.01014760147601476,0.010251630941286114,0.01646843549862763,0.015284854099119963,0.011659192825112108,0.011210762331838564,0.01008249312557287,0.011047070124879923,0.011910215300045808,0.009433962264150943,0.01203659123736158,0.013748854262144821,0.014341590612777053,0.012218045112781954,0.013120899718837863,0.015126737530662305,0.012094823415578132,0.011531365313653136,0.025373810602628003,0.018777082330284064,0.01519213583556747,0.011882998171846435,0.015294646873594242,0.006520726595249185,0.0013458950201884253,0.0031631269769543608,0.002474022761009401,0.0018256503879507074,0.0018805829807240243,0.001823985408116735,0.0009610764055742432,0.0014191106906338694,0.0013999066728884741,0.0009523809523809524,0.0,0.0009178522257916476,0.0,0.0018957345971563982,0.0009633911368015414,0.001364256480218281,0.0009161704076958314,0.0018770530267480056,0.00046511627906976747,0.0,0.00043975373790677223,0.0004757373929590866
0.008470353761833582,0.009280742459396751,0.007367196587824738,0.006854531607006854,0.013022888713496448,0.010116731517509728,0.007874015748031496,0.009053187476423991,0.010958904109589041,0.013729977116704805,0.010436079016026835,0.01249024199843872,0.010240252067743205,0.008788689338937715,0.011380323054331865,0.008120649651972157,0.008255563531945441,0.00989345509893455,0.010578012844729883,0.010355540214014497,0.017483846446218167,0.016929588303193535,0.01839080459770115,0.015489233094068758,0.018991964937910884,0.017014694508894045,0.017582417582417582,0.011376564277588168,0.005773672055427252,0.0031608060055314103,0.0,0.0015414258188824663,0.0007656967840735069,0.0,0.00037965072133637056,0.001143728555089592,0.0007558578987150416,0.002737583105201408,0.00036913990402362494,0.0,0.0007659900421294523,0.0007818608287724785,0.0007766990291262136,0.0003714710252600297,0.001472211998527788,0.0003940110323089047,0.0003869969040247678,0.0,0.0,0.0007510326699211416
0.004327131112072695,0.006548788474132285,0.006348145673237555,0.005333333333333333,0.005897771952817824,0.004815409309791332,0.008563899868247694,0.0068248293792655184,0.007071681131468981,0.011805998723675814,0.007124352331606218,0.006550933508024894,0.006162828413882582,0.005392652510953826,0.008569545154911009,0.009810554803788904,0.01013299556681444,0.00933977455716586,0.008409014463504878,0.012932330827067668,0.01110737125546954,0.014511873350923483,0.011446740858505564,0.008569545154911009,0.01012337867763366,0.011930926216640502,0.020598648213710977,0.014539579967689823,0.015878056525881232,0.012812299807815503,0.0050150451354062184,0.001971738416036806,0.002228589621139764,0.0012763241863433313,0.0009759271307742355,0.0019743336623889436,0.0010166045408336157,0.0010030090270812437,0.0003045066991473812,0.0009884678747940692,0.0012919896640826874,0.0006605019815059445,0.0003368137420006736,0.0013188262446422684,0.0,0.0006657789613848203,0.001658374792703151,0.000655307994757536,0.0006067961165048543,0.0009797517962116264
0.006017699115044248,0.005906040268456376,0.005807522123893806,0.006318681318681319,0.004298764105319721,0.005139302136867731,0.007303218826075196,0.004654983570646221,0.0049261083743842365,0.0072034988422948285,0.004568664337543671,0.009655172413793104,0.010117145899893504,0.003813674748025061,0.007221182134260497,0.008906882591093117,0.008737092930897538,0.006534239414532148,0.005244272702180514,0.006994818652849741,0.007295325587679005,0.008390141583639224,0.010456796917996699,0.01257174091281771,0.008945014469876349,0.009370816599732263,0.013752975403332451,0.0137429264349232,0.01125703564727955,0.011227154046997388,0.005293953747561995,0.004685777287761852,0.0037095919448860626,0.0010422094841063053,0.0016304347826086956,0.0013273161667109105,0.002188183807439825,0.0016634322151372332,0.0012953367875647669,0.0021639166892074655,0.0010985992859104642,0.0005439216752787598,0.0013575889220743959,0.001063264221158958,0.0008210180623973727,0.0005627462014631402,0.0008275862068965517,0.0011049723756906078,0.000754906894816306,0.0005285412262156448
0.002284408909194746,0.006164685160722149,0.00218435998252512,0.0037974683544303796,0.0038626609442060085,0.003909643788010426,0.0017817371937639199,0.00582698341550874,0.002920317062995411,0.005949851253718657,0.005785123966942148,0.004409171075837742,0.005949851253718657,0.007894736842105263,0.005148005148005148,0.0052173913043478265,0.0041946308724832215,0.007805724197745013,0.006839945280437756,0.007228915662650603,0.007912087912087912,0.005584192439862543,0.010808473843493299,0.009636443276390714,0.007281553398058253,0.00819672131147541,0.008210890233362144,0.008609556607834697,0.01098901098901099,0.009294465568229826,0.01054945054945055,0.007215619694397283,0.003420265070542967,0.0,0.0017338534893801473,0.0017777777777777779,0.00089126559714795,0.0008543357539513029,0.000819672131147541,0.0018115942028985507,0.0018124150430448573,0.0013380909901873326,0.0012695725772323319,0.0,0.00043497172683775554,0.0004409171075837742,0.0004314063848144953,0.0004476275738585497,0.0,0.0004233700254022015
0.008298755186721992,0.005376344086021506,0.005642633228840125,0.005266622778143515,0.0024479804161566705,0.003931847968545216,0.003870967741935484,0.0024706609017912293,0.003158559696778269,0.005069708491761723,0.004377736085053158,0.003201024327784891,0.005844155844155844,0.010796221322537112,0.006253908692933083,0.004024144869215292,0.0031806615776081423,0.006459948320413436,0.006224066390041493,0.005411906193625977,0.0038510911424903724,0.00643915003219575,0.005427408412483039,0.005913272010512484,0.005583126550868486,0.007947019867549669,0.005015673981191223,0.006418485237483954,0.010262989095574085,0.012345679012345678,0.007899934167215274,0.010197578075207138,0.005076142131979695,0.006626506024096385,0.0031446540880503146,0.0013080444735120995,0.003138731952291274,0.0026041666666666665,0.0006234413965087282,0.0006531678641410843,0.0006337135614702154,0.0006635700066357001,0.001976284584980237,0.0018337408312958435,0.0006493506493506494,0.001265022137887413,0.0006635700066357001,0.0006402048655569782,0.0012406947890818859,0.0
0.0013271400132714001,0.002026342451874367,0.0033931168201648087,0.004556962025316456,0.003363767419509851,0.0044731610337972166,0.005763688760806916,0.004217185028993147,0.003904343582235237,0.003733084461035931,0.004464285714285714,0.002485089463220676,0.003033367037411527,0.0029469548133595285,0.00293398533007335,0.0033734939759036144,0.003889158969372873,0.006072874493927126,0.006493506493506494,0.002346316283435007,0.003896736483195324,0.004407443682664055,0.005569620253164557,0.003371868978805395,0.0039273441335297005,0.008292682926829269,0.008020050125313283,0.007113821138211382,0.003904343582235237,0.005171603196991067,0.010141987829614604,0.014208721215090642,0.011583011583011582,0.007139457401237506,0.003925417075564278,0.005025125628140704,0.002955665024630542,0.0009587727708533077,0.0,0.0005045408678102926,0.0004805382027871216,0.000514668039114771,0.0004972650422675286,0.0014184397163120568,0.0004962779156327543,0.001989060169070114,0.0,0.00048756704046806434,0.0,0.0
0.0014863258026159335,0.002266032177656923,0.002091078066914498,0.002079002079002079,0.0027002700270027003,0.0027416038382453737,0.0021357380161366873,0.002073255010366275,0.0029734675205855443,0.003379139445821131,0.0022326412145568207,0.0035087719298245615,0.0020352781546811396,0.001890359168241966,0.0025581395348837207,0.0044237485448195574,0.003753587988518437,0.003696003696003696,0.005122235157159488,0.0030146425495262705,0.0058018101647714084,0.003917953445494353,0.005433552184740774,0.004325883201153569,0.003811659192825112,0.005548158011540169,0.00524515393386545,0.005194218608852755,0.007682177348551361,0.005684302579798863,0.006281991624011168,0.007108461362072919,0.005723443223443223,0.00520268805549534,0.008888888888888889,0.007390300230946882,0.004760825209703015,0.0021136683889149835,0.001555901311402534,0.0013577732518669382,0.0011168192986374804,0.001141552511415525,0.001379310344827586,0.0006799637352674524,0.00045998160073597056,0.000463284688441047,0.00022660321776569228,0.0009117848187827673,0.0008754650908295032,0.000450755014649538
0.00239736290080911,0.0025730994152046785,0.003051643192488263,0.0028415818138763913,0.003699421965317919,0.0025803424818203143,0.0021342186388427793,0.002796550920531345,0.003538570417551309,0.002902433578923867,0.0025433526011560694,0.0023758612497030173,0.001454192922927775,0.003902439024390244,0.0030176415970287838,0.004059216809933142,0.0027688047992616522,0.0018783752054472881,0.0028625954198473282,0.0036256514842510764,0.0025252525252525255,0.0012056908608632747,0.0031956735496558504,0.0031956735496558504,0.003401360544217687,0.0036849378166743437,0.005411764705882353,0.004855547462976451,0.0034223134839151265,0.0032649253731343282,0.004016064257028112,0.007192519779429393,0.005563282336578581,0.004714757190004715,0.00484027105517909,0.006962785114045618,0.008518693800283956,0.0043457267020762915,0.002705749718151071,0.0006933210076265311,0.0026054002842254855,0.002107728337236534,0.0009505703422053232,0.00023282887077997672,0.0009645526886906198,0.000964785335262904,0.00046189376443418013,0.0007129277566539924,0.0,0.0007095553453169347
0.0006349206349206349,0.0017169487368162864,0.00149812734082397,0.0012385434728758979,0.001973359644795264,0.0020115665074176515,0.0027784794139934328,0.0016928657799274486,0.0029600394671928957,0.0026303204208512673,0.002199951112197507,0.0027479390457157134,0.0032011819748830337,0.0027153789187854853,0.0021454112038140644,0.0017177914110429449,0.0014464802314368371,0.002713369511593488,0.002037178507766743,0.0038795070743952533,0.004239401496259352,0.00323947171692001,0.0036918533103618015,0.0036398932297985924,0.002176541717049577,0.004296968250179041,0.002410219329959026,0.005741387918122816,0.0027106949236076886,0.0039206076941926,0.004891171435558816,0.0060110603510459245,0.004558541266794626,0.0072633552014995315,0.005177514792899409,0.00546021840873635,0.005737508964857758,0.006109481915933529,0.005956635692161067,0.001203079884504331,0.0016758439071103662,0.0019806882891804903,0.00149402390438247,0.00023618327822390176,0.0002465483234714004,0.000249003984063745,0.00024832381425378696,0.000984251968503937,0.00023073373327180433,0.0014506769825918763
0.0020313406848520023,0.0011143302874972142,0.0020147750167897917,0.002242655303879794,0.001497326203208556,0.002232142857142857,0.001737242128121607,0.0015614543832255187,0.0006854009595613434,0.0019140791152700979,0.0030621172353455816,0.0030373831775700934,0.0026414263702399295,0.0024853140533212833,0.0015247222827270747,0.002463605823068309,0.0019569471624266144,0.0034949759720401923,0.0035359116022099448,0.0020990764063811922,0.002168256721595837,0.0024336283185840708,0.002869757174392936,0.0027069704489059328,0.0033368091762252345,0.0026490066225165563,0.004437541601952518,0.004366812227074236,0.0047413793103448275,0.003447532859297565,0.002935862691960253,0.00437636761487965,0.0023881893182805037,0.004975124378109453,0.003297428006155199,0.00594421582075903,0.005294506949040371,0.0054466230936819175,0.006772486772486773,0.0033325927571650742,0.004878048780487805,0.0017444395987788923,0.001362088535754824,0.0008724100327153762,0.0006815084052703317,0.0011246063877642825,0.001336898395721925,0.00022522522522522523,0.0002121790791427965,0.0010879025239338555
0.0015360983102918587,0.0021488571986716157,0.0009624639076034649,0.000957670944263551,0.0016816143497757848,0.001537574476263694,0.001597125174685566,0.0013313046785850132,0.0017509727626459145,0.0011179429849077697,0.0011135857461024498,0.0011741682974559687,0.0017678255745433118,0.000980776775205963,0.0017178850925749188,0.0021084914701935977,0.0019353590090961873,0.0032356299961933763,0.0017800632911392405,0.003814021067925899,0.001780767708745548,0.002476190476190476,0.0029036004645760743,0.0019083969465648854,0.002319737096462401,0.0013479684190256115,0.001735106998264893,0.002679425837320574,0.0024728932851436182,0.004038179148311307,0.0025505199136747108,0.0035667354984043552,0.002623688155922039,0.0021691973969631237,0.0031189083820662767,0.005141877737573796,0.004720543806646525,0.0043188064389477815,0.003970402454430608,0.003927729772191673,0.0043502931719311515,0.004591543906638607,0.0013448607108549472,0.0023853211009174312,0.0017550702028081124,0.00038925652004671076,0.00019436345966958212,0.00038498556304138594,0.0007358351729212656,0.00018946570670708602
0.0010672358591248667,0.0008508827908955541,0.0010813148788927337,0.001267694908092119,0.002345415778251599,0.002056343820686819,0.0018311291963377416,0.0008154943934760449,0.001219264377159114,0.0008184980560671168,0.0010195758564437193,0.0029806259314456036,0.0016559718484785758,0.0012539184952978057,0.0008276432857438444,0.00211954217888936,0.001016053647632595,0.0006391137622496804,0.0018915510718789407,0.0013897161008536827,0.0016604400166044002,0.0015060240963855422,0.0016549441456350847,0.0029661016949152543,0.001835610850499694,0.0017079419299743809,0.0020920502092050207,0.0024575056317837395,0.0018285249898415277,0.0027542789691127286,0.002145002145002145,0.0025052192066805845,0.0020329335230737954,0.0020601565718994645,0.0027993109388458224,0.002337441563960901,0.003069367710251688,0.0035424046676390914,0.0033837579617834396,0.0035277028429134675,0.004180602006688963,0.003548319766228345,0.005621486570893191,0.001219264377159114,0.0014684287812041115,0.0006263048016701461,0.0010324179227751394,0.0012445550715619166,0.0,0.00040908161178155044
0.0017500875043752187,0.0013702384214853384,0.00026253609871357313,0.0002679528403001072,0.0010468463752944255,0.001375515818431912,0.0013231013495633766,0.0015596568754873928,0.0016233766233766235,0.0017884517118037812,0.0024057738572574178,0.002440347071583514,0.0005343307507347048,0.0013415615776764154,0.001321353065539112,0.0019037258634756595,0.00129366106080207,0.0008049369466058492,0.0021804306350504225,0.0012651821862348178,0.0008198961464881115,0.0023628248884221582,0.0013762730525736307,0.00027434842249657066,0.0015527950310559005,0.0015957446808510637,0.0010822510822510823,0.0013458950201884253,0.001276161306789178,0.0020460358056265983,0.002735229759299781,0.0014005602240896359,0.0031339775398276314,0.0015752165922814387,0.002429805615550756,0.0032137118371719335,0.002408348943002408,0.0032653061224489797,0.002993265153404839,0.004263256061817213,0.003426462836056932,0.00454788657035848,0.0038663352665009665,0.003110419906687403,0.002701242571582928,0.0013048016701461378,0.00027277686852154935,0.0005259006047856955,0.0004975124378109452,0.0
0.000715307582260372,0.0002707092582566324,0.000543773790103317,0.00027631942525559546,0.0010672358591248667,0.001636214889555495,0.0013657470636438131,0.0008185538881309686,0.0005238344683080147,0.0005202913631633715,0.0015957446808510637,0.0005489980785067252,0.0010767160161507402,0.001629106706489275,0.0013430029546065002,0.0008086253369272237,0.0018425901553040273,0.0007909306617453203,0.002698327037236913,0.00074757039621231,0.0016150740242261105,0.0016411378555798686,0.0016146393972012918,0.002286367533581023,0.0023765513599155004,0.0007961783439490446,0.002135611318739989,0.0016429353778751369,0.0031185031185031187,0.0015224562293834052,0.001911001911001911,0.0008130081300813008,0.0018766756032171583,0.0007876082961407193,0.001661589587371919,0.0024239159709130084,0.0016090104585679806,0.0021214531954388757,0.0035787321063394683,0.0013354700854700855,0.002412868632707775,0.002099737532808399,0.0031931878658861094,0.0032162958992227285,0.003592152528322741,0.0021008403361344537,0.0016155088852988692,0.0010726736390453205,0.0005012531328320802,0.0030911901081916537
0.0012654223347042075,0.0007230657989877079,0.001987083954297069,0.001208313194780087,0.00048426150121065375,0.00023957834211787255,0.001463057790782736,0.0016990291262135922,0.0004729250413809411,0.0009528346831824678,0.0006958942240779402,0.0012042389210019267,0.0011761938367442955,0.0004917629702483403,0.0021433674684448677,0.0007194244604316547,0.0014825796886582653,0.0007436787307882995,0.0009551098376313276,0.000681044267877412,0.002203182374541004,0.0017356806347632037,0.0017339608620262571,0.0009869232667160128,0.0009276437847866419,0.0009666505558240696,0.0009580838323353293,0.0009701673538685423,0.0018277358921635824,0.001422137947380896,0.0009818360333824251,0.0016455101081335214,0.0016859344894026974,0.002528735632183908,0.0007105637138796779,0.003214638971315529,0.0009573958831977022,0.000488162069807176,0.0020468501250852852,0.000980632507967639,0.003455936805726981,0.0021092102179517225,0.002448579823702253,0.002091078066914498,0.002188715953307393,0.004106280193236715,0.002172338884866039,0.0014749262536873156,0.0018630647414997672,0.0004769854519437157
0.0004026575397624321,0.0007586102260658474,0.0006143449546920596,0.0013882461823229986,0.002393418100224383,0.00151952590791673,0.0009243568017254661,0.001066585403016913,0.00045627376425855514,0.0007416196974191634,0.0004542701393095094,0.00046189376443418013,0.0010721396844846072,0.0004489001945234176,0.0009175714941122495,0.0009293680297397769,0.0012117540139351712,0.0010648007301490721,0.000612369871402327,0.0005676979846721544,0.0007783312577833125,0.0005977286312014345,0.0013882461823229986,0.0007660487206986365,0.0014814814814814814,0.0006006907944135756,0.0012302014454866985,0.001098728614032334,0.0002954646181119811,0.0010338207059518536,0.0015964240102171138,0.0006047777441790142,0.001654384117912468,0.0008827423863469177,0.001221001221001221,0.001869158878504673,0.002280675079823628,0.0016763181956720513,0.0015781922525107603,0.001669955973887961,0.002423875170428723,0.002286236854138089,0.002501954652071931,0.0023453532688361184,0.001244361487011977,0.0021565003080714724,0.002399160293897136,0.002270319358256395,0.0014530659691950015,0.0011933174224343676
0.0009445100354191264,0.00144248106743599,0.00035267148651031563,0.0009044862518089725,0.00034275921165381317,0.0007266121707538601,0.0010942914462885281,0.0014524328249818446,0.0008833922261484099,0.0013605442176870747,0.00035180299032541777,0.0003678499172337686,0.0007026172492534692,0.0008890469416785206,0.0008695652173913044,0.0007095973035302466,0.001049501486793773,0.0017863522686673813,0.0005678591709256105,0.0003359086328518643,0.0007297938332421091,0.000894134477825465,0.0003705075954057058,0.0007199424046076314,0.0006890611541774332,0.001064773735581189,0.0016298442593263311,0.0012515644555694619,0.000881057268722467,0.001909390730775907,0.0010744985673352436,0.0009015506671474937,0.0015775635407537247,0.00205726041488085,0.0010750761512273786,0.0010901162790697674,0.001970266881604872,0.0016005690912324383,0.0018678892851078282,0.0012274241627213747,0.001756543123133673,0.0014511155450752766,0.0010978956999085087,0.0008805917576611482,0.002555677254472435,0.0026010057222125888,0.0032810791104629965,0.0023614895549500456,0.002940667704549386,0.003015788540003548
0.0002243661655822302,0.0010344827586206897,0.0005100306018361102,0.0010380622837370243,0.0005199306759098787,0.0008898380494749955,0.00090711175616836,0.0008507742045261188,0.0005098572399728076,0.0009995002498750624,0.0003360215053763441,0.0012486621476988941,0.0011854360711261642,0.0012224938875305623,0.0005045408678102926,0.0005174197999310107,0.0006842285323297981,0.0012087722327749958,0.00104675505931612,0.00032242463324197966,0.00034441191665231615,0.0011892626571525654,0.0008544087491455912,0.00017577781683951485,0.0010277492291880781,0.0008670019074041963,0.000860733344809778,0.0010414858531504947,0.0013461214874642437,0.000509078567792296,0.00035536602700781805,0.0008551393877201984,0.0005142269454919438,0.0015363605326049847,0.001245995016019936,0.0007090941322460556,0.0011886568177958906,0.001709986320109439,0.0016655562958027982,0.0011935208866155158,0.0025933609958506223,0.000875196919306844,0.001777145903678692,0.0011597084161696488,0.0015756302521008404,0.001743071291615827,0.0020714655618850335,0.0022267899965741694,0.0036752956216043464,0.002869198312236287
0.0005996402158704777,0.00030703101013202335,0.0005971040453799074,0.00046605561597017243,0.00030539013589861045,0.0003077870113881194,0.0009021199819576004,0.0003065134099616858,0.00030807147258163895,0.0004497751124437781,0.0005944419676029127,0.0007835762419683435,0.00107958050586058,0.000622568093385214,0.0004501800720288115,0.0012372409526755336,0.0010371906949177656,0.0006074411541381929,0.00015559358954411078,0.00042716787697565144,0.001226993865030675,0.0013771996939556236,0.00045773573390296,0.0013717421124828531,0.00029394473838918284,0.0012026458208057728,0.0007723200494284832,0.0007723200494284832,0.00044816253361219,0.0005946187007581388,0.00046139649338665026,0.0007505253677574302,0.0005929439667951378,0.0007406310176270182,0.0006175698625907056,0.000769941484447182,0.0007722007722007722,0.0012148823082763858,0.0008649272019605016,0.0010889856876166771,0.0020983213429256594,0.0018404907975460123,0.001080580426057425,0.0014652014652014652,0.0020046260601387818,0.0014097744360902255,0.0013801564177273425,0.0009122700319294511,0.0020213687554143807,0.002904865649963689
0.00047355958958168905,0.0004864404718472577,0.0006093102607847916,0.00012331976815883587,0.0002396644697423607,0.000711997152011392,0.0006037189084762135,0.0002388630120625821,0.0004744395682599929,0.0007024116132053383,0.0011825922421948912,0.0002449179524859172,0.0009682885499878964,0.00024283632831471587,0.000715222314936226,0.0002467003823855927,0.00034904013961605586,0.0007186489399928135,0.00023998080153587713,0.0005711674663011195,0.00024067388688327315,0.0004901960784313725,0.000120598166907863,0.001331235628706281,0.001063955550301454,0.0004892367906066536,0.00048579062424095217,0.0006170554115759595,0.0007073803348266918,0.0009282896263634254,0.0006096817461285209,0.00072992700729927,0.0003586800573888092,0.00023832221163012392,0.0003667930064800098,0.00049079754601227,0.0006034274680183442,0.0008478682170542636,0.0006792709158836182,0.0012202562538133007,0.001212856276531231,0.0015687220948473514,0.0009834050399508297,0.001210800339024095,0.00146484375,0.00145985401459854,0.001445434834979523,0.0015869140625,0.0010236578707916288,0.0017661603673613563
0.0002646202699126753,0.0006206040546131568,0.00019964064683569574,0.0008014425966740132,0.0007966540529774945,0.00020222446916076846,0.0008210180623973727,0.00020080321285140563,0.0016194331983805667,0.000588350656991567,0.0,0.0002105706464518846,0.0004028197381671702,0.00041597337770382697,0.0003924646781789639,0.00020255215718047398,0.000576923076923077,0.0004079967360261118,0.0004065040650406504,0.0005739429883298259,0.00060156406657309,0.0005998800239952009,0.0010336985734959686,0.0006180469715698393,0.0009962143853357243,0.0008149959250203749,0.0006070416835289356,0.0010224948875255625,0.0007947546195112259,0.00019758940920766647,0.0006119951040391676,0.00019688915140775743,0.0003883495145631068,0.000392156862745098,0.001226241569589209,0.001012555690562981,0.00040112314480545525,0.001047559187094071,0.0005731753916698509,0.0006163961372508733,0.001193792280143255,0.0006179196704428424,0.0016454134101192926,0.0006024096385542169,0.000406421459053038,0.0004127115146512588,0.0008394543546694648,0.0004063388866314506,0.0011225444340505146,0.0011815675462780622
0.0006022282445046673,0.0007141156867412521,0.00023025558369790466,0.000231000231000231,0.00022079929344226098,0.0004640371229698376,0.00046490004649000463,0.0007095553453169347,0.0006821282401091405,0.0006804264005443411,0.0009109542245502164,0.00023441162681669012,0.000467180565288484,0.0013761467889908258,0.0008847600088476001,0.00023004370830457787,0.0004589261128958238,0.0006967022758941013,0.0002382654276864427,0.0008444162972345366,0.0,0.0006991377301328362,0.00023485204321277596,0.0006788866259334691,0.0,0.0011173184357541898,0.0009111617312072893,0.0006942837306179125,0.0006612298875909191,0.00044672771945499217,0.0004761904761904762,0.00045454545454545455,0.0004546487838145033,0.0013123359580052493,0.0016237531895151936,0.00023364485981308412,0.000706547338671691,0.0009140767824497258,0.00044474093840338,0.0006906077348066298,0.0013195513525401364,0.00023142791020597085,0.0009356725146198831,0.0004489337822671156,0.0009321836401771149,0.00023485204321277596,0.0008972633467922835,0.0009084714967067908,0.000869187309865276,0.0009078529278256923
0.00020483408439164277,0.00046728971962616824,0.0007624275693809088,0.00015429717636167257,0.0003046458492003046,0.000306044376434583,0.0003131360576170346,0.0,0.0004529669334138608,0.0002938583602703497,0.0001515610791148833,0.00031294007197621654,0.0,0.0006383657835939994,0.00030120481927710846,0.00015532774153463808,0.0003014318010550113,0.0,0.0004679457182966776,0.00042802111570837496,0.00046985121378230227,0.0009206690194874942,0.0006173792251890724,0.0009283614420547734,0.0005966587112171838,0.0003050640634533252,0.0007811279487580066,0.00030726686126901216,0.0007559721802237678,0.0010553294135383687,0.00031269543464665416,0.0006285355122564425,0.0004455004455004455,0.001201923076923077,0.0009397024275646045,0.0009242144177449168,0.0,0.0,0.0008862629246676514,0.000315905860053704,0.0006062443164595332,0.0006168080185042405,0.0006251953735542357,0.0016796457474423576,0.0006216972334473111,0.0004585052728106373,0.000767341927562922,0.00015549681231534753,0.0008499787505312367,0.00045558086560364467
0.0005168849069607167,0.0002676659528907923,0.0002740476842970677,0.0,0.0002680605816914623,0.0002725538293813028,0.0,0.00026752273943285177,0.0004073872895165671,0.0,0.0,0.0,0.00026567481402763017,0.00040805223068552776,0.0004058990664321472,0.0002772002772002772,0.0006640988179041042,0.0,0.00026936026936026934,0.0005027020233756441,0.0004130524576621231,0.0006679134384183809,0.0005480953685941354,0.0008123476848090983,0.0009169504846738276,0.000546448087431694,0.0001341381623071764,0.00013622122326658494,0.00013113034356150013,0.0,0.00027285129604365623,0.0006629541235746487,0.00026167735182519954,0.0009149130832570906,0.00027056277056277056,0.0,0.000136332651670075,0.0005496770647244744,0.0003819709702062643,0.0,0.0005319148936170213,0.00013292569453675395,0.0006758583400919168,0.0,0.0002737850787132101,0.0005519525320822409,0.0007956504442381647,0.00039598732840549105,0.0006268806419257773,0.0010569427929713305
0.00019142419601837673,0.0002953773445576724,0.000291587694999271,0.0002992220227408737,0.0004389173372348208,0.00014721036360959813,0.0002904443799012489,0.0004386606228980845,0.00014425851125216387,0.00014425851125216387,0.0001436162573603332,0.0003022061045633122,0.00028935185185185184,0.0001426533523537803,0.000291587694999271,0.0005836859769444039,0.0,0.0005687473339968719,0.0,0.00041597337770382697,0.0004429351838181013,0.00014934289127837514,0.0008978003890468353,0.0008840430234271402,0.00029116319697190275,0.00014905351021016544,0.00029708853238265005,0.00029381519024533566,0.00014078558355624384,0.00013962580284836637,0.00029442072721919626,0.00014347202295552367,0.000719527989638797,0.000989399293286219,0.00014543339150668993,0.0004449058282663503,0.00014708045300779526,0.0010376519418914913,0.0005474202819214452,0.0007233796296296296,0.000284050560999858,0.0002959893443836022,0.0005891883929886581,0.0004297994269340974,0.00014532771399505885,0.0007215007215007215,0.0008728542333430317,0.00014455044810638914,0.0005473453749315818,0.0004322143783316525
0.0007645259938837921,0.0004523522316043426,0.000293728888236158,0.0005967477248992988,0.00014442518775274407,0.00014609203798392987,0.00028855864954552014,0.0004453681710213777,0.00043591979075850045,0.0,0.0001448855404230658,0.0,0.00014365752047119666,0.00014927601134497685,0.00014285714285714287,0.0002882675122513693,0.0002832058906825262,0.0005842827928717499,0.0007309941520467836,0.00027199782401740786,0.0004462957453138947,0.0011656709893632523,0.0002931261908251502,0.0002899811512251704,0.0006965728615213151,0.000149678191887442,0.0007322788517867604,0.00029291154071470416,0.0,0.0,0.0011747430249632893,0.001141552511415525,0.0,0.0007111363959607452,0.0,0.0007394262052647146,0.00014781966001478197,0.0004343419719125525,0.0002772387025228722,0.0,0.00014692918013517486,0.00028694404591104734,0.00043617330619366096,0.00028690288337397793,0.0002897710808461316,0.0005767844268204759,0.0005960363582178513,0.0004385964912280702,0.0006697923643670462,0.00042943028914972805
0.0005027652086475615,0.0,0.0003794106487922094,0.0,0.00024934546814611643,0.00025192089683839276,0.0002557544757033248,0.00025329280648429586,0.000380420999239158,0.0006153088850603003,0.0003705991352686844,0.00012938284383490748,0.0001258970162407151,0.00038779731127197516,0.0,0.0003778337531486146,0.00012512512512512512,0.00025150905432595576,0.0001283532280836863,0.00047404598246029864,0.00038402457757296467,0.00025025025025025025,0.00012655024044545685,0.00012548625925461163,0.000864304235090752,0.000253196607165464,0.0015079165619502387,0.00038387715930902113,0.0006139489194499018,0.000125203455615375,0.0007851347814708192,0.0003704161007531794,0.00012536041118214867,0.00024476808224207564,0.0003792667509481669,0.0007662835249042146,0.0003801799518438728,0.0002557871850620284,0.00023969319271332693,0.0001252975817566721,0.0002542588354945334,0.0006319514661274014,0.00025697031992804833,0.0003792667509481669,0.00024780076818238137,0.00025484199796126404,0.00037936267071320183,0.0007491571981520789,0.0007211538461538462,0.0006072382803011902
0.00015815277558121145,0.00012390038409119069,0.00012394645513138323,0.0007316180953542251,0.00024551927326295114,0.00024780076818238137,0.0,0.00024324981756263683,0.0,0.0,0.0,0.00025040691123075,0.0005953798523457966,0.0004976981460744059,0.00024348672997321646,0.000245398773006135,0.0007227174174897615,0.00024330900243309004,0.00012468827930174563,0.0,0.00037069072037563324,0.0003659875564230816,0.00024906600249066,0.0003771213073538655,0.00036407766990291263,0.0006151574803149606,0.00024567006510256724,0.00012291052114060964,0.0003518648838845883,0.00023637867864318638,0.0003694126339120798,0.0002476166893648632,0.0006117704637220115,0.00012012012012012012,0.0006209637357178341,0.00012406947890818859,0.00012417732522041475,0.000245188181929631,0.0009548818333731201,0.0004923682914820286,0.00036733194563487204,0.0002453385672227674,0.0,0.0003564638783269962,0.0006245316012990258,0.00012161011796181443,0.00024829298572315333,0.00024396194193705782,0.0006899724011039559,0.00035650623885918
0.0001633453119895459,0.00037731103005911207,0.0,0.0,0.00012672665061462426,0.00036927621861152144,0.0002504696305572949,0.0001250625312656328,0.0,0.00012042389210019268,0.00024476808224207564,0.00024786218862312553,0.0005023863350916855,0.00025493945188017844,0.00012484394506866417,0.00012385434728758978,0.0003678724708767627,0.00012635835228708617,0.00012863390789812196,0.0003488372093023256,0.0,0.00038022813688212925,0.00012708095056551024,0.00012773023374632777,0.0,0.00012631047113805733,0.0002546148949713558,0.0001290822253775655,0.0,0.00024351637647631802,0.000380565774451351,0.0002470050636038039,0.00024554941682013506,0.00024588148512417015,0.0,0.00012536041118214867,0.00012643823492224047,0.00037917087967644087,0.0,0.0002489110143123833,0.00038206826286296485,0.0006263309532757109,0.00038580246913580245,0.0001232741617357002,0.00012489072061945796,0.0001265022137887413,0.000508323802262041,0.00024857071836937607,0.0004631773969430292,0.0003678273663560569
0.0001939487975174554,0.00029282576866764275,0.0001467351430667645,0.0,0.00043346337234503684,0.00030184123151222455,0.000591715976331361,0.0001446340757882557,0.0,0.0,0.0005637773079633545,0.00044682752457551384,0.00043446777697320784,0.000293728888236158,0.0,0.0,0.00014353380221042057,0.00028665615594094884,0.00014723203769140164,0.0004074426184978949,0.0001465630954125751,0.0001452854859799506,0.00015028554253080853,0.0002932981375568265,0.00014114326040931546,0.00014781966001478197,0.0005915409642117716,0.00014688601645123384,0.0002830455703368242,0.0001429388221841052,0.0001466275659824047,0.0002947244326554671,0.00014124293785310735,0.00042802111570837496,0.0007289692374981776,0.00014384349827387802,0.00014671361502347418,0.0001443001443001443,0.0005445140212360468,0.000892458723784025,0.0004198740377886634,0.000148720999405116,0.0005940888162780336,0.0,0.00014509576320371445,0.00043680838672102506,0.00014475969889982628,0.00014543339150668993,0.0005381407237992735,0.00043053960964408724
0.0,0.0,0.0,0.00015800284405119292,0.00045871559633027525,0.00015997440409534473,0.0001606941989394183,0.0,0.00015460729746444033,0.0002955956251847473,0.00015267175572519084,0.00015723270440251572,0.0,0.0,0.00031362709738121374,0.0003176115610608226,0.00015738117721120554,0.0,0.00015676438313215238,0.0,0.00015787811809283233,0.0,0.0004768717215069146,0.0006308153288124901,0.0,0.00015377518068583732,0.00015559358954411078,0.0,0.00015071590052750564,0.0004526935264825713,0.0,0.0001528117359413203,0.0001541782300339192,0.000613685179502915,0.00031984647369262754,0.0,0.00031118717908822156,0.0,0.0002945941964943291,0.0004664904369460426,0.0003115750116840629,0.00031436655139893113,0.00015770383220312253,0.00015165301789505612,0.0004673625175260944,0.0,0.00046061722708429296,0.00015586034912718204,0.0004423473901503981,0.0
